Tarih;Açıklama;Tutar;Bakiye
01.09.2026;MAAŞ ÖDEMESİ;38.500,00;41.230,55
02.09.2026;KİRA ÖDEMESİ - EYLÜL;-14.000,00;27.230,55
02.09.2026;MIGROS MMM MARKET;-1.847,60;25.382,95
03.09.2026;SHELL AKARYAKIT;-2.100,00;23.282,95
04.09.2026;SPOTIFY ABONELIK;-99,99;23.182,96
05.09.2026;GETIR MARKET SIPARIS;-284,50;22.898,46
06.09.2026;"KAHVE DÜKKANI, KADIKÖY";-165,00;22.733,46
08.09.2026;ELEKTRİK FATURASI;-742,30;21.991,16
09.09.2026;ECZANE ÖDEMESİ;-430,75;21.560,41
11.09.2026;TRENDYOL ALISVERIS;-1.259,90;20.300,51
12.09.2026;İSTANBULKART DOLUM;-300,00;20.000,51
14.09.2026;BIM MARKET;-923,40;19.077,11
15.09.2026;NETFLIX UYELIK;-229,99;18.847,12
16.09.2026;DOGALGAZ FATURASI;-1.180,00;17.667,12
18.09.2026;YEMEKSEPETI SIPARIS;-412,00;17.255,12
19.09.2026;SU FATURASI;-268,45;16.986,67
21.09.2026;SPOR SALONU AYLIK;-850,00;16.136,67
22.09.2026;MIGROS MMM MARKET;-2.104,25;14.032,42
24.09.2026;INTERNET FATURASI;-549,00;13.483,42
25.09.2026;SERBEST CALISMA GELIRI;6.750,00;20.233,42
26.09.2026;SHELL AKARYAKIT;-1.950,00;18.283,42
27.09.2026;KITAPÇI;-385,00;17.898,42
28.09.2026;TELEFON FATURASI;-399,90;17.498,52
29.09.2026;BIM MARKET;-1.156,80;16.341,72
30.09.2026;SINEMA BILETI;-320,00;16.021,72
