Date,Description,Debit,Credit
2026-09-01,Monthly salary,,3200.00
2026-09-02,Rent - September,1150.00,
2026-09-03,Whole Foods Market,162.40,
2026-09-03,Shell fuel,74.20,
2026-09-05,Spotify Premium,11.99,
2026-09-06,"Corner Cafe, downtown",8.75,
2026-09-07,Electricity bill,88.10,
2026-09-09,Pharmacy,34.60,
2026-09-10,Amazon order,129.99,
2026-09-12,Transit card top-up,40.00,
2026-09-13,Trader Joe's,97.35,
2026-09-15,Netflix subscription,15.49,
2026-09-16,Gas bill,61.20,
2026-09-18,Restaurant dinner,52.00,
2026-09-19,Water bill,29.40,
2026-09-21,Gym membership,45.00,
2026-09-22,Whole Foods Market,143.80,
2026-09-24,Internet bill,59.99,
2026-09-25,Freelance invoice,,850.00
2026-09-26,Shell fuel,68.50,
2026-09-27,Bookstore,27.90,
2026-09-28,Phone bill,38.00,
2026-09-29,Trader Joe's,81.25,
2026-09-30,Cinema tickets,24.00,
